Ilość wielokątów,Czas [s]
3,2.1334162190032657
6,5.135987553978339
19,3.467789349000668
57,4.124974389997078
161,7.910129535011947
