Ilość punktów,Czas [s]
1,1.108992761990521
10,1.183387880999362
32,1.2630857549957
72,1.6446487110224552
195,2.379206639016047
604,7.504669709014706
