Ilość punktów,Czas [s]
1,10.077937898982782
10,1.5729483290051576
32,3.840357306005899
72,4.924259305000305
195,10.715933977015084
604,15.823285435995786
