Ilość wielokątów,Czas [s]
3,2.389389990014024
6,3.3979759580106474
19,2.6717093579936773
19,10.083738983987132
161,9.703497226000763
