Ilość lini,Czas [s]
41,1.9300260989984963
172,2.2385552669875324
415,2.7685077209898736
1244,3.9521829150035046
3039,6.763326296000741
