Dodanie wielokątu,Zaktualizowanie wielokątu,Usunięcie wielokątu
7.66713527101092,10.498483962001046,2.6521265780029353
