Ilość lini,Czas [s]
41,3.5932481640193146
172,3.2177061699912883
415,3.600222211010987
1244,4.992345537990332
3039,10.832612147991313
