Dodanie lini,Zaktualizowanie lini,Usunięcie lini
4.377762179996353,4.172143093004706,2.1494438759982586
