Dodanie punktu,Zaktualizowanie punktu,Usunięcie punktu
2.6440585080126766,2.068647816005978,1.3620853980100947
