Dodanie lini,Zaktualizowanie lini,Usunięcie lini
13.66955527299433,11.303361420985311,5.996517138992203
