Dodanie punktu,Zaktualizowanie punktu,Usunięcie punktu
1.6290116669842973,6.394551101984689,0.13314549799542874
