Ilość punktów,Czas [s]
0,0.4513484700000845
0,0.7314725989999715
0,0.6994637239840813
0,0.9146995810151566
0,1.7698000709933694
0,7.073310836014571
