Dodanie lini,Zaktualizowanie lini,Usunięcie lini
6.795552158000646,6.548742859013146,1.0298555190092884
