Ilość lini,Czas [s]
0,3.238621270022122
0,1.8799610289861448
0,3.031752878014231
0,4.21585978200892
0,6.303533454018179
