Dodanie wielokątu,Zaktualizowanie wielokątu,Usunięcie wielokątu
9.351744573999895,9.279566472017905,3.8790333239885513
