Ilość wielokątów,Czas [s]
0,0.40480968001065776
0,3.1364017830055673
0,1.7456213609839324
0,1.3438398340076674
0,3.2005401639908087
