Dodanie punktu,Zaktualizowanie punktu,Usunięcie punktu
1.6771561349742115,1.526351819979027,0.32268893098807894
